epoch,steps,cosine_pearson,cosine_spearman
1.1111111111111112,1000,0.8274562599347206,0.7818550367484545
2.2222222222222223,2000,0.8661302052924049,0.8022419147256823
3.3333333333333335,3000,0.8915169430318568,0.8110920767045069
4.444444444444445,4000,0.9059012722742431,0.8150874019749396
5.555555555555555,5000,0.9138986873226866,0.8176868752555954
6.666666666666667,6000,0.9205681359812683,0.8202905221359899
7.777777777777778,7000,0.925296687756995,0.821461771492143
8.88888888888889,8000,0.9261469025754793,0.8207778476338633
10.0,9000,0.9269087265164178,0.8208999761356378
