epoch,steps,cosine_pearson,cosine_spearman
1.1111111111111112,1000,0.8386135946155808,0.7897601199030808
2.2222222222222223,2000,0.8719375968887364,0.8070349411584774
